{"train_loss": [0.2740774345778239, 0.21102489771243807, 0.2523521458322648], "train_acc": [0.9147771696637998, 0.9418816783945791, 0.9238988793328121], "train_f1": [0.9042975603415858, 0.9382505891077522, 0.9212926775591594], "val_acc": [0.9434306569343066, 0.7931873479318735, 0.9543795620437956], "val_f1": [0.9507383852283915, 0.8326198833429942, 0.9491333091228438]}